{
  "main": {
    "id": "1caab02c5057bbb4",
    "type": "split",
    "children": [
      {
        "id": "d0bf3a57a7861da0",
        "type": "tabs",
        "children": [
          {
            "id": "8bc4d0390488c9c9",
            "type": "leaf",
            "state": {
              "type": "markdown",
              "state": {
                "file": "PV-RCNN Review.md",
                "mode": "preview",
                "source": false
              }
            }
          },
          {
            "id": "d8cba3feb5d05efe",
            "type": "leaf",
            "state": {
              "type": "canvas",
              "state": {
                "file": "Additional_info/PV-RCNN_Review.canvas",
                "viewState": {
                  "x": -1433.9663068014659,
                  "y": -152.0375441412002,
                  "zoom": -1.0688583392799818
                }
              }
            }
          }
        ]
      }
    ],
    "direction": "vertical"
  },
  "left": {
    "id": "2fdb696a6a627271",
    "type": "split",
    "children": [
      {
        "id": "bab4862395f4373d",
        "type": "tabs",
        "children": [
          {
            "id": "9ee41f573e891b2c",
            "type": "leaf",
            "state": {
              "type": "file-explorer",
              "state": {
                "sortOrder": "byCreatedTimeReverse"
              }
            }
          },
          {
            "id": "d5c5bcfe3e8a7f2c",
            "type": "leaf",
            "state": {
              "type": "search",
              "state": {
                "query": "",
                "matchingCase": false,
                "explainSearch": false,
                "collapseAll": false,
                "extraContext": false,
                "sortOrder": "alphabetical"
              }
            }
          },
          {
            "id": "487c365ee7f55b48",
            "type": "leaf",
            "state": {
              "type": "bookmarks",
              "state": {}
            }
          }
        ]
      }
    ],
    "direction": "horizontal",
    "width": 200
  },
  "right": {
    "id": "67c9fd0006839fcd",
    "type": "split",
    "children": [
      {
        "id": "c6a646ab9d620b69",
        "type": "tabs",
        "children": [
          {
            "id": "861a74070c488725",
            "type": "leaf",
            "state": {
              "type": "backlink",
              "state": {
                "file": "PV-RCNN Review.md",
                "collapseAll": false,
                "extraContext": false,
                "sortOrder": "alphabetical",
                "showSearch": false,
                "searchQuery": "",
                "backlinkCollapsed": false,
                "unlinkedCollapsed": true
              }
            }
          },
          {
            "id": "54d8f2b1b3c038f7",
            "type": "leaf",
            "state": {
              "type": "outgoing-link",
              "state": {
                "file": "PV-RCNN Review.md",
                "linksCollapsed": false,
                "unlinkedCollapsed": true
              }
            }
          },
          {
            "id": "bd77e8c17fb72d8f",
            "type": "leaf",
            "state": {
              "type": "tag",
              "state": {
                "sortOrder": "frequency",
                "useHierarchy": true
              }
            }
          },
          {
            "id": "7d43771284a4f034",
            "type": "leaf",
            "state": {
              "type": "outline",
              "state": {
                "file": "PV-RCNN Review.md"
              }
            }
          }
        ],
        "currentTab": 3
      }
    ],
    "direction": "horizontal",
    "width": 300
  },
  "left-ribbon": {
    "hiddenItems": {
      "switcher:Open quick switcher": false,
      "graph:Open graph view": false,
      "canvas:Create new canvas": false,
      "daily-notes:Open today's daily note": false,
      "templates:Insert template": false,
      "command-palette:Open command palette": false
    }
  },
  "active": "8bc4d0390488c9c9",
  "lastOpenFiles": [
    "Additional_info/Foreground or Background.md",
    "Additional_info/Focal loss.md",
    "PV-RCNN Review.md",
    "Additional_info/PV-RCNN_Review.canvas",
    "Additional_info/RoI feature abstraction.md",
    "Additional_info/FPS.md",
    "Additional_info/Point-based Methods.md",
    "Additional_info/Grid-based Methods.md",
    "Additional_info/IoU.md",
    "Additional_info/Anchor-Based approaches.md",
    "Additional_info/2D bird-view feature maps.md",
    "Additional_info/Voxel.md",
    "Additional_info/MLP Network.md",
    "Additional_info/Point clouds.md",
    "Additional_info/Reflectance intensities.md",
    "Additional_info/3D coordinates.md",
    "Additional_info/state-of-art 3D detection methods.md",
    "Pasted image 20230926162835.png",
    "Pasted image 20230926160240.png",
    "![Pasted.md",
    "-.md",
    "Additional_info/L x W x H.md",
    "Additional_info/PointNet-based.md",
    "Additional_info",
    "Pasted image 20230925233311.png"
  ]
}